id;nid;legacy_nid;passport_number;birth_certificate_number;driving_licence_number;tin_certificate_number;facebook_id;twitter_id;linkedin_id;github_id;tiktok_id;instragram_id;whatsapp_number;pinterest_id;telegram_id;rokomari_id;rokomari_join_date;techshop_id;techshop_join_date;udvash_id;udvash_join_date;prohori_id;prohori_join_date
1;52802;55647;Pizza ROI Plastic;Account Station synthesizing;cyan;Coordinator;navigating blockchains Macedonia;Mouse Mouse;Diverse streamline;metrics Sleek;open-source e-markets Future;Cambridgeshire purple black;Plastic;Universal Unbranded Concrete;Handcrafted backing;32516;2022-08-21T22:08:08;82614;2022-08-21T20:39:11;Fundamental;2022-08-22T05:08:02;service-desk;2022-08-22T07:45:56
2;98689;64037;Wooden;Market Metrics Fantastic;Road infrastructure;concept;sensor function;Connecticut Lead;quantify architecture;supply-chains well-modulated;Avon wireless state;Chair;Dinar multi-byte;hard Aruba;Outdoors Diverse Isle;29961;2022-08-22T07:09:25;84088;2022-08-21T20:29:31;Manager markets Wooden;2022-08-21T22:07:07;clicks-and-mortar synthesize;2022-08-21T10:21:02
3;97149;83947;streamline Executive;gold New;expedite back;Plastic Fresh;virtual;synthesize analyzing;Handmade auxiliary;mindshare;Re-contextualized Frozen;maximize;Automated withdrawal;Ergonomic compress;Tasty;37702;2022-08-22T00:42:38;76580;2022-08-21T12:23:09;Alaska;2022-08-22T07:03:40;Steel invoice Soft;2022-08-21T19:18:01
4;76095;16438;Berkshire payment;Street e-enable paradigms;Direct index;communities;Metal Directives;Marketing;Wooden generation;Bhutan;Bacon;Plastic;ivory Mozambique;Loop disintermediate Fresh;scalable Engineer;86280;2022-08-22T01:37:57;57213;2022-08-22T03:34:58;Investment Bedfordshire Customizable;2022-08-21T08:40:46;Towels invoice;2022-08-22T06:55:42
5;99622;38858;copy Avon Tools;Program scalable Pants;panel Future;homogeneous;Buckinghamshire Architect;Salad Loan Planner;architectures Guatemala Right-sized;JBOD;compelling;Corporate;Cloned Jersey;open-source Guatemala Investment;matrix;91892;2022-08-21T15:42:45;57961;2022-08-21T21:51:05;multi-tasking;2022-08-21T16:19:39;wireless dedicated;2022-08-21T23:24:38
6;41942;64425;Metal Clothing;Wooden;Visionary;Intelligent Buckinghamshire;Republic);projection Cayman;Creative hacking;Orchestrator Mexican Total;card Market SMTP;firewall;Avon Dollar;mission-critical client-server;Koruna;73809;2022-08-21T12:28:15;11054;2022-08-22T02:14:04;expedite;2022-08-22T03:34:37;database Avon;2022-08-21T15:00:22
7;25931;20606;Fresh Avon Tennessee;Ergonomic Turkey deposit;National;Music Bedfordshire user-centric;Corporate;Planner Producer Pa'anga;Down-sized quantify Grenadines;national;navigate;Moldova invoice;online maximize;set;functionalities product Shoes;16394;2022-08-22T03:59:14;10917;2022-08-22T04:48:33;seamless Hollow Engineer;2022-08-21T22:54:41;Tala Loan invoice;2022-08-21T14:57:37
8;26379;84558;Shoes Salad;human-resource;expedite Loan Soft;yellow;Ball Configuration Kina;quantify;payment Tajikistan Maryland;architecture;Shoes Unbranded;virtual RAM;Poland;Customizable Borders;Incredible;71304;2022-08-22T07:22:03;42241;2022-08-22T06:27:51;Burkina Steel;2022-08-21T17:30:12;Common Kip;2022-08-21T21:47:12
9;43935;17414;middleware seize;Automotive Loan;Soap bifurcated;magnetic didactic;HDD Mall;zero Handmade incubate;Triple-buffered workforce;Buckinghamshire;Licensed 1080p;gold Configuration Usability;Towels Seychelles Wyoming;synthesize generation bluetooth;Prairie invoice;26234;2022-08-22T03:52:47;26570;2022-08-22T04:05:08;transmit Car;2022-08-21T22:19:44;Supervisor;2022-08-21T21:04:16
10;70456;47225;matrix Avon web;1080p transmitter bandwidth;invoice;Motorway;AGP contingency;Loan;SMTP Developer;Universal;Walks;deposit Denmark Springs;microchip Shirt;invoice deposit up;Auto;48297;2022-08-22T04:55:10;38664;2022-08-21T22:35:31;Soft Dynamic brand;2022-08-21T13:20:30;Barbados Administrator;2022-08-21T09:39:05
